BIC,num_states
52994.41963154087,1
51877.39754648312,2
